Товар,Цена
Букет Тюльпаны микс 15 шт,3751
Букет Тюльпаны и нарциссы,4376
Букет Тюльпаны микс 51 шт,12501
Букет Тюльпаны и нарциссы,5626
Букет Тюльпаны микс 25 шт,6001
Букет Тюльпаны микс 101 шт,25001
Букет Красный переполох,3900.00
Букет Горячий шик,7550.00
Букет Пламенный бум,3500.00
Букет Радужный коктейль,3500.00
Букет Вкус настроения,4900.00
Букет Цветущее восхождение,5400.00
Букет Яркие краски,4300.00
Букет Нежный мир,4350.00
Букет Зелень,7250.00
Букет Взрыв,20890.00
Букет Роскошь роз,15700.00
Букет Нежное мгновение,4500.00
Букет Хлопок,3750.00
Букет Яркий вкус,4900.00
Букет Яркий аромат,28100.00
Букет Французские розы,8800.00
Букет Внимание,1450.00
Хризалидокарпус h160 см,14600.00
Антуриум красный h80 см,3800.00
Фаленопсис белый h60 см,4500.00
Дендробиум Нобиле h60 см,3900.00
Антуриум h80 см,3800.00
Бромелия h50 см,2300.00
Фаленопсис h50 см,4300.00
Хлорофитиум h50 см,2300.00
Вриезия красная h50 см,2500.00
Драцена Магента большая h150 см,8100.00
Ваза керамическая Ruby разноцветная,2800.00
Ваза Бублик черная,1200.00
Ваза керамическая Ruby Классик с бусиной бежевая,1600.00
Ваза С колбой черная,850.00
Ваза керамическая Ruby черная,4100.00
Ваза керамическая Ruby Дуга черная,1250.00
Ваза керамическая Ruby Витая белая,1950.00
Ваза керамическая Ruby Зебра черная,1450.00
Отипакс капли 10 мг + 40 мг 15 мл,724.00
Бромгексин 8 Берлин-Хеми таблетки 8 мг 25 шт,304.00
Аква Марис плюс спрей 30 мл,403.00
Цитовир-3 сироп для детей 50 мл,612.00
"Називин капли для детей 0,025% 10 мл",267.00
Микролакс раствор 90 мг 5 мл х 4 шт,527.00
Сульфацил натрия Альбуцид капли 20% 10 мл,196.00
Парацетамол таблетки 500 мг 10 шт,42.00
Лактофильтрум таблетки 500 мг 30 шт,400.00
Зиртек капли 10 мг/мл 20 мл,220.00
Компливит Мама таблетки 30 шт,238.00
Компливит Мама таблетки 60 шт,446.00
Нурофен Экспресс Форте капсулы 400 мг 20 шт,435.00
Нурофен Форте таблетки 400 мг 12 шт,112.00
Нурофен таблетки 200 мг 20 шт,221.00
Нурофен Экспресс капсулы 200 мг 8 шт,152.00
Нурофен таблетки 200 мг 8 шт,138.00
Нурофен 12+ таблетки 200 мг 12 шт,192.00
Нурофен Экспресс капсулы 200 мг 24 шт,464.00
Нурофен суспензия 100 мг для детей с 3 месяцев 200 мл,305.00
Нурофен Лонг таблетки 200 мг + 500 мг 6 шт,356.00
Нурофен суспензия 100 мг для детей с 3 месяцев 100 мл,164.00
Нефростен Эвалар таблетки мочегонные 60 шт,498.00
Кардиоактив таурин таблетки 500 мг 60 шт,545.00
Эффекс Силденафил таблетки 100 мг для мужчин 4 шт,345.00
Эффекс Силденафил таблетки 100 мг для мужчин 15 шт,701.00
Хофицин Эвалар таблетки 200 мг 60 шт,354.00
Эффекс трибулус таблетки 60 шт,2281.00
Гинкоум ангиопротектор капсулы 40 мг 60 шт,880.00
Шампунь Низорал против перхоти для всех типов волос 60 мл,719.00
Шампунь Кето плюс против перхоти для всех типов волос 60 мл,1119.00
Шампунь Кето Плюс против перхоти для всех типов волос 150 мл,1580.00
